Predicted kcat,Predicted logkcat,experiment kcat,experiment logkcat,label,ID,score,EC_number
0.0118,-1.9274,0.0027,-2.5686,0,307,1,2.5.1.31
0.1207,-0.9184,0.12,-0.9208,1,5885,1,1.1.1.64
6.5478,0.8161,4.4,0.6435,0,3814,1,2.6.1.30
4.153,0.6184,1.9,0.2788,0,3442,1,1.20.1.1
2.3019,0.3621,79,1.8976,0,2355,1,1.4.3.3
0.0037,-2.4323,7.3,0.8633,1,4725,0.244,4.2.1.81
46.2616,1.6652,0.73,-0.1367,0,2149,0.548,2.5.1.47
0.0031,-2.5021,0.0001,-4.0757,0,2191,1,2.5.1.90
0.097,-1.0131,0.033,-1.4815,0,6115,1,2.3.1.4
100.6405,2.0028,68,1.8325,1,5175,1,1.4.3.22
5.0773,0.7056,1210,3.0828,0,1939,1,5.3.3.2
3.0196,0.48,3.9,0.5911,0,4462,0.998,4.3.2.10
1.5984,0.2037,2,0.301,0,1875,1,2.4.1.170
110.1256,2.0419,175,2.243,0,4663,1,1.1.1.28
34.3263,1.5356,64.6,1.8102,0,1617,1,3.5.1.14
0.009,-2.0479,3.9,0.5911,0,41,1,2.7.1.130
0.0517,-1.2868,16,1.2041,1,5708,1,1.3.3.3
41.5929,1.619,87,1.9395,0,4473,1,3.2.1.26
64774.6592,4.8114,251999.9175,5.4014,0,698,1,5.1.1.3
567.9473,2.7543,458,2.6609,0,4100,0,3.2.1.40
3.6893,0.5669,1.98,0.2967,1,5431,1,3.1.3.75
32.9106,1.5173,17.18,1.235,1,2429,1,1.4.3.2
0.0143,-1.8436,0.0082,-2.0862,1,1676,1,1.13.11.63
3.0498,0.4843,5.5,0.7404,0,4565,1,1.4.3.19
8.4601,0.9274,5.2,0.716,0,1747,1,1.1.1.95
1.4735,0.1684,2.54,0.4048,0,6162,0.433,2.1.1.45
34.6419,1.5396,36.1,1.5575,0,2959,1,2.4.1.64
0.6842,-0.1648,1.2,0.0792,0,4552,1,1.4.3.19
4.1596,0.6191,2,0.301,0,3700,0.997,1.4.1.9
3.3817,0.5291,6.9167,0.8399,1,3462,1,1.1.1.1
3.8514,0.5856,2.36,0.3729,0,4385,1,6.3.2.3
5.8323,0.7658,22,1.3424,1,857,1,4.1.1.20
190.9645,2.281,836.9999,2.9227,0,7197,1,2.7.4.3
2.3047,0.3626,2.4,0.3802,1,6774,1,1.13.11.11
12.8925,1.1103,3.4,0.5315,1,642,1,1.11.1.1
5.4384,0.7355,0.575,-0.2403,0,6654,0.354,3.2.1.18
0.0026,-2.5897,0,-4.4168,1,3523,1,2.6.1.19
17.2351,1.2364,4.85,0.6857,1,554,1,1.5.3.13
427.0859,2.6305,301,2.4786,1,4178,0.996,3.5.2.6
0.0037,-2.4328,0.0002,-3.6383,0,2551,1,2.1.1.5
75.658,1.8789,2.2,0.3424,1,3480,1,1.13.11.55
1.5471,0.1895,2.8333,0.4523,1,7568,1,4.1.2.13
18.997,1.2787,5.3,0.7243,1,4203,1,3.5.2.6
7.0142,0.846,12.8,1.1072,1,2379,1,3.1.4.3
2.906,0.4633,719.9998,2.8573,0,7157,1,2.5.1.18
16.1358,1.2078,0.4,-0.3979,1,769,1,3.4.24.18
14.1913,1.152,0.3,-0.5229,0,1507,1,2.4.1.211
0.0038,-2.4184,0.007,-2.1549,0,3760,0.524,2.1.1.41
4.9934,0.6984,0.27,-0.5686,0,2810,0.996,3.7.1.8
131.9516,2.1204,47,1.6721,0,7048,1,3.5.2.6
4.2975,0.6332,0.011,-1.9586,1,5100,1,6.2.1.25
0.0403,-1.3945,0.014,-1.8539,0,6585,1,1.5.1.3
3.9572,0.5974,0.133,-0.8761,0,4381,1,6.3.2.3
0.8271,-0.0824,0.64,-0.1938,0,4561,1,1.4.3.19
0.0336,-1.474,0.0648,-1.1884,0,2476,1,2.1.1.184
11.1595,1.0476,40.9,1.6117,1,4927,1,3.4.21.19
0.6867,-0.1633,11.8,1.0719,0,7763,1,1.1.1.95
0.3392,-0.4696,0.46,-0.3372,0,6526,1,3.2.1.21
39.003,1.5911,183,2.2625,1,6353,1,1.11.1.10
0.3037,-0.5176,0.37,-0.4318,1,5207,1,3.2.1.20
9.8966,0.9955,5.55,0.7443,0,3081,1,2.7.2.4
0.0868,-1.0613,0.0001,-4.1079,0,7517,1,2.7.7.7
310137.8102,5.4916,155999.9857,5.1931,1,5531,1,5.5.1.1
316.779,2.5008,571.9999,2.7574,0,2167,0.548,2.5.1.47
120.3909,2.0806,73,1.8633,0,1081,1,1.1.1.141
11.8467,1.0736,30,1.4771,1,5402,1,1.1.1.10
0.4981,-0.3027,10,1,1,4243,1,6.1.1.17
0.1498,-0.8244,0.104,-0.983,0,1382,1,1.14.20.1
11.2459,1.051,31,1.4914,1,4190,1,3.5.2.6
103.3344,2.0142,999.9999,3,0,7707,1,1.1.1.42
2.9665,0.4722,1.12,0.0492,0,7037,1,3.5.2.6
0.6893,-0.1616,0.16,-0.7959,0,7518,1,2.7.7.7
19.3743,1.2872,60.8,1.7839,1,1807,1,2.7.1.178
609.6376,2.7851,120,2.0792,1,2388,1,1.7.2.3
0.2743,-0.5618,0.0098,-2.0088,0,1409,1,5.4.2.9
6.9111,0.8395,4.83,0.6839,1,1185,1,1.14.14.92
5.1336,0.7104,6.2,0.7924,0,5118,1,2.4.2.1
3.6752,0.5653,1.3,0.1139,1,771,1,3.6.1.23
0.0015,-2.8203,0.0002,-3.6351,0,6612,1,2.3.1.74
5.1428,0.7112,5.93,0.7731,0,4786,1,3.6.1.13
0.3379,-0.4712,0.15,-0.8239,0,74,1,4.1.1.33
0.2385,-0.6225,0.102,-0.9914,0,1146,1,4.1.1.37
0.303,-0.5185,0.15,-0.8239,0,6757,1,1.4.1.20
99.6663,1.9985,188,2.2742,1,3662,1,2.7.4.14
0.0824,-1.0841,0.47,-0.3279,0,7513,1,2.7.7.7
62.3726,1.795,14,1.1461,1,6045,1,1.16.1.7
0.0114,-1.9437,0.0009,-3.0605,1,6257,1,2.1.1.146
4.4157,0.645,10.1,1.0043,1,362,1,3.1.1.1
3.9958,0.6016,0.95,-0.0223,0,1623,1,3.6.1.53
21.2754,1.3279,550000.2403,5.7404,1,3748,1,3.4.14.9
24628.1446,4.3914,42999.9939,4.6335,0,2832,1,1.1.1.282
10.6466,1.0272,75.8,1.8797,1,5090,1,4.2.1.9
21.1418,1.3251,40,1.6021,0,4633,1,3.5.1.2
0.2814,-0.5506,0.2,-0.699,0,7397,1,1.1.1.22
1.0971,0.0402,0.43,-0.3665,0,386,1,3.1.2.12
15.894,1.2012,113.6,2.0554,1,2495,1,5.3.1.4
3.6465,0.5619,4.9,0.6902,0,2706,0.998,4.1.2.38
0.038,-1.4197,0.011,-1.9586,0,5808,1,2.5.1.17
5.333,0.727,1.97,0.2945,1,3835,1,3.1.4.37
53.7105,1.7301,36.55,1.5629,0,1456,1,5.4.99.5
14.274,1.1545,0,-4.3279,1,7071,1,2.1.1.300
363.9256,2.561,14.3333,1.1563,0,7438,1,1.1.1.267
4.531,0.6562,0.08,-1.0969,1,3219,1,1.1.1.2
7.9688,0.9014,8.1,0.9085,0,3816,1,2.6.1.30
0.0192,-1.7173,0.09,-1.0458,1,3358,1,2.3.3.13
1.8743,0.2728,0.267,-0.5735,1,2107,1,1.1.1.284
16.4911,1.2173,0.37,-0.4318,1,5614,1,1.1.3.17
0.0418,-1.379,0.0342,-1.466,0,3875,1,2.7.1.177
0.1773,-0.7512,0.54,-0.2676,0,3717,1,1.21.3.3
0.4434,-0.3532,125,2.0969,1,1489,1,5.1.3.11
15.0595,1.1778,9.97,0.9987,1,471,1,2.7.7.9
6.5345,0.8152,14.3,1.1553,0,7700,1,6.1.1.19
0.217,-0.6636,0.252,-0.5986,1,5710,1,1.14.16.4
253.9972,2.4048,284,2.4533,1,1584,1,1.5.1.3
122.8707,2.0894,273,2.4362,1,7503,1,2.7.7.7
0.0229,-1.6407,0.0002,-3.699,0,5066,1,2.5.1.29
1.1145,0.0471,1.65,0.2175,0,388,1,3.1.2.12
16.749,1.224,11.8,1.0719,1,515,1,6.4.1.2
3.3201,0.5212,0.733,-0.1349,0,3265,1,2.7.1.20
25.2975,1.4031,42,1.6232,0,5344,1,6.1.1.3
3.5918,0.5553,24,1.3802,1,354,1,2.3.1.97
19.8613,1.298,48.5,1.6857,1,5090,1,4.2.1.9
1.8173,0.2594,0.85,-0.0706,0,3041,1,4.2.1.22
0.0061,-2.2119,0.009,-2.0458,0,2562,1,2.1.1.5
6.3503,0.8028,2.3167,0.3649,0,182,1,4.1.1.32
56.2425,1.7501,105,2.0212,1,12,1,1.1.1.22
11.7938,1.0717,0.56,-0.2518,0,2615,0.997,3.3.1.1
0.0514,-1.2891,0.0008,-3.0792,0,4521,1,1.14.16.1
0.1629,-0.788,0.63,-0.2007,0,4705,1,1.3.5.2
0.1118,-0.9516,0.22,-0.6576,0,7512,1,2.7.7.7
81.1268,1.9092,19.2,1.2833,0,5815,1,2.5.1.17
0.2112,-0.6753,0.09,-1.0458,1,1805,1,2.4.1.85
145.3142,2.1623,136.6667,2.1357,0,6855,1,1.8.1.7
0.0994,-1.0027,0.116,-0.9355,0,7768,1,1.1.1.95
0.1172,-0.931,0.002,-2.71,0,5264,1,6.3.4.14
636.5062,2.8038,810.9999,2.909,0,6618,1,2.7.7.23
54.1063,1.7332,23.2,1.3655,1,5248,1,2.7.7.4
0.4573,-0.3398,1.3307,0.1241,1,7831,0,4.2.1.118
0.063,-1.2004,0.054,-1.2676,0,1369,1,1.14.20.1
3.4806,0.5417,29900.0014,4.4757,1,1941,1,5.3.3.2
28.6266,1.4568,3.42,0.534,0,7339,1,5.3.99.2
0.201,-0.6968,0.016,-1.7959,0,4018,1,4.1.1.74
71.0019,1.8513,33,1.5185,0,2366,1,1.4.3.3
11.4869,1.0602,33.2,1.5211,1,644,1,3.4.11.2
0.789,-0.1029,6.03,0.7803,0,2420,1,1.1.1.108
74.5299,1.8723,34.2167,1.5342,0,5703,1,4.2.1.51
0.0276,-1.5583,0.0427,-1.3696,1,3878,1,2.7.1.177
1.5708,0.1961,9.36,0.9713,0,3741,0.362,3.4.14.9
4.9461,0.6943,0.24,-0.6198,0,1791,1,1.2.1.11
15.4244,1.1882,0.46,-0.3372,0,4482,1,1.13.11.2
3.9876,0.6007,7.7,0.8865,0,7688,1,3.5.3.1
7.0885,0.8506,1.2,0.0792,1,5500,1,1.14.11.55
3.4613,0.5392,15,1.1761,0,2028,1,4.1.1.7
0.958,-0.0186,1.5,0.1761,0,396,1,3.1.2.12
0.0201,-1.6976,0.37,-0.4318,0,964,1,2.4.1.37
3.5648,0.552,0.0217,-1.6642,1,6903,1,1.14.14.1
17.1924,1.2353,17.2,1.2355,1,293,1,1.1.1.21
33.8844,1.53,14,1.1461,0,2950,1,2.4.1.64
0.1189,-0.9247,0.428,-0.3686,0,464,1,1.1.1.153
4.9536,0.6949,221,2.3444,0,1938,1,5.3.3.2
0.5391,-0.2683,0.04,-1.3979,1,6875,1,1.14.14.1
12.2513,1.0882,0.7,-0.1549,0,3272,0,1.3.1.24
65.6532,1.8173,6.3,0.7993,0,4484,1,1.13.11.2
0.5681,-0.2456,0.62,-0.2076,0,2455,1,4.1.1.2
0.0824,-1.0843,0.0078,-2.1079,0,6190,0.436,2.1.1.45
10.5562,1.0235,23.07,1.363,0,47,1,5.1.1.5
0.1905,-0.7201,0.154,-0.8125,0,2409,0.479,1.14.14.149
15.7356,1.1969,33,1.5185,0,1631,1,3.6.1.53
9.3837,0.9724,119,2.0755,1,3771,1,1.8.5.3
17299.8527,4.238,27900.0041,4.4456,1,1500,1,5.3.3.1
0.0926,-1.0332,0.067,-1.1739,0,5218,1,2.4.1.269
1.2825,0.108,21,1.3222,1,7491,1,1.1.1.44
0.1926,-0.7154,0.7,-0.1549,0,3718,1,1.21.3.3
0.1626,-0.789,0.13,-0.8861,0,3364,1,2.3.3.13
0.8318,-0.08,3.5,0.5441,1,4557,1,1.4.3.19
4.499,0.6531,519.9999,2.716,1,4544,1,3.4.21.26
194.0292,2.2879,840.0002,2.9243,0,4048,1,2.7.2.1
0.0597,-1.2238,3.4,0.5315,1,5006,1,6.3.2.1
1.2474,0.096,0.8,-0.0969,0,6438,1,1.1.1.184
1.4906,0.1734,0.38,-0.4202,1,5693,1,1.2.1.4
0.0171,-1.7666,2.09,0.3201,1,1504,1,2.5.1.104
1.1939,0.077,6.2,0.7924,1,1109,1,1.3.1.9
17.9392,1.2538,2.8,0.4472,0,6541,1,3.3.1.1
23.3366,1.368,0.41,-0.3872,0,7848,1,1.1.1.41
24.6662,1.3921,250,2.3979,0,2801,1,4.1.1.1
0.1578,-0.8018,0.007,-2.1549,0,5262,1,6.3.4.14
7.8633,0.8956,4.3,0.6335,1,552,1,2.1.2.1
0.0239,-1.6218,0.016,-1.7959,0,6107,1,2.3.1.4
465.5407,2.668,146,2.1644,1,5044,1,2.4.1.321
0.0023,-2.6357,0.0004,-3.3979,0,305,1,2.5.1.31
0.0337,-1.4721,0.034,-1.4685,0,2522,0.324,1.14.20.6
10.3624,1.0155,58,1.7634,0,7024,1,3.5.2.6
0.5404,-0.2673,0.35,-0.4559,0,5455,1,2.1.1.20
81.753,1.9125,183,2.2625,0,530,1,1.18.1.2
0.0013,-2.9019,0.0007,-3.1427,0,1724,1,2.7.8.7
0.6315,-0.1996,0.55,-0.2596,0,6945,1,1.1.1.205
0.3123,-0.5054,0.64,-0.1938,1,5878,1,3.1.4.55
18.3712,1.2641,20.33,1.3081,1,2106,1,1.1.1.284
38.3093,1.5833,0.51,-0.2924,1,4545,1,1.1.1.414
1.3515,0.1308,3.27,0.5145,0,174,1,1.2.1.8
5.8216,0.765,12,1.0792,0,6961,1,1.1.1.205
2.2876,0.3594,0.47,-0.3279,0,4552,1,1.4.3.19
16.9242,1.2285,86.4,1.9365,1,5181,1,3.4.21.35
17.9988,1.2552,17.2,1.2355,1,4338,1,1.2.1.87
7.5295,0.8768,17.6,1.2455,0,5127,0.996,2.4.2.1
883.5597,2.9462,541.0001,2.7332,0,4088,1,1.1.5.2
47.4309,1.6761,32.2667,1.5088,0,7815,1,5.4.99.5
29.617,1.4715,22,1.3424,0,5648,1,4.1.2.47
0.7251,-0.1396,0.005,-2.301,1,1293,1,3.8.1.5
2.6607,0.425,1.4,0.1461,0,556,1,6.3.4.24
25.3309,1.4037,73,1.8633,1,1680,1,3.4.11.10
28.8178,1.4597,54,1.7324,0,7021,1,3.5.2.6
0.1632,-0.7872,0.252,-0.5986,0,1367,1,1.14.20.1
21.7441,1.3373,320,2.5051,1,2033,1,4.1.1.7
0.5993,-0.2223,8,0.9031,1,6128,0.439,2.1.1.45
5.3851,0.7312,6,0.7782,1,3429,1,1.14.13.105
0.0032,-2.5004,0.0001,-3.9586,0,2192,1,2.5.1.90
144.4879,2.1598,3.5,0.5441,0,7044,1,3.5.2.6
7.9992,0.903,2.13,0.3284,1,610,1,2.5.1.18
7064.7917,3.8491,10900.0015,4.0374,1,221,1,3.4.11.1
3.2195,0.5078,0.16,-0.7959,0,1252,1,4.2.1.2
3.2905,0.5173,0.7,-0.1549,0,6675,1,3.6.1.13
553.5226,2.7431,11810.0005,4.0722,0,4514,1,3.1.3.8
6.3871,0.8053,0.013,-1.8861,1,6521,1,1.14.14.94
46.0392,1.6631,100,2,1,1306,1,1.11.1.7
21.6959,1.3364,34,1.5315,0,5346,1,6.1.1.3
4.5617,0.6591,2,0.301,0,7715,1,1.1.1.42
0.0112,-1.9517,0.0283,-1.5477,0,6887,0.993,1.14.14.1
0.6732,-0.1719,0.016,-1.7959,1,5744,1,3.1.2.20
1245.796,3.0954,6000.0006,3.7782,1,2055,1,5.3.1.1
6.7603,0.83,5.5,0.7404,0,6216,1,2.1.1.45
57.1811,1.7573,40,1.6021,0,7486,1,6.1.1.2
396.6038,2.5984,222,2.3464,1,844,1,1.6.5.2
116.7015,2.0671,34.1,1.5328,0,6254,1,2.3.1.6
1.0106,0.0046,1.5,0.1761,1,2567,1,1.13.12.22
0.12,-0.9208,0.0078,-2.1079,0,6190,0.436,2.1.1.45
2.3272,0.3668,0.91,-0.041,0,6750,1,1.4.1.20
3.5064,0.5449,11.6,1.0645,1,4022,1,4.1.1.74
0.2901,-0.5374,0.025,-1.6021,0,5972,1,3.1.1.6
8.5826,0.9336,13.8,1.1399,0,1776,1,1.1.1.95
3.9213,0.5934,10.65,1.0273,1,4759,1,3.6.1.13
17.49,1.2428,12,1.0792,0,7482,1,6.1.1.2
8.5551,0.9322,7.33,0.8651,0,3085,1,2.7.2.4
5.9525,0.7747,6.3,0.7993,0,4592,1,6.3.2.2
0.5425,-0.2656,0.23,-0.6383,0,6184,0.436,2.1.1.45
0.6575,-0.1821,1.4,0.1461,1,1296,1,3.8.1.5
40.0998,1.6031,43.92,1.6427,0,6489,1,1.1.1.38
14.9339,1.1742,3.11,0.4928,0,908,1,1.1.1.25
0.6562,-0.183,0.85,-0.0706,0,6703,1,4.3.2.2
0.0137,-1.8647,0.0059,-2.2314,0,6861,1,1.1.1.210
9.8804,0.9948,4.5,0.6532,0,6911,1,1.14.16.2
0.0172,-1.7636,0.33,-0.4815,1,3632,1,3.7.1.3
1.3279,0.1232,5.65,0.752,1,520,1,1.18.1.2
864.4176,2.9367,284.1,2.4535,1,1695,1,1.1.1.40
0.1421,-0.8473,0.4667,-0.331,1,7428,1,1.1.1.51
3.9299,0.5944,3.2,0.5051,0,3448,1,1.20.1.1
0.5409,-0.2669,38,1.5798,1,6117,1,2.3.1.4
23.7958,1.3765,41,1.6128,1,5404,1,1.1.1.10
61.7017,1.7903,125.2,2.0976,1,1622,1,3.6.1.53
27.9957,1.4471,45.6,1.659,1,5192,1,3.4.17.20
0.0048,-2.3203,0.0001,-4.0655,1,3523,1,2.6.1.19
11.2366,1.0506,0.099,-1.0044,0,4363,0.995,4.1.3.17
26.3657,1.421,10.8,1.0334,0,7610,1,2.8.3.18
29.4074,1.4685,3.8,0.5798,1,4226,1,4.1.1.49
72.1502,1.8582,225,2.3522,0,2782,0.991,2.3.1.271
8.1388,0.9106,1.1,0.0414,0,6019,1,5.1.3.2
64431.5678,4.8091,112999.9852,5.0531,1,2833,1,1.1.1.282
0.2385,-0.6225,0.617,-0.2097,0,873,1,1.1.1.209
3.0045,0.4778,18.5,1.2672,1,3462,1,1.1.1.1
3.5777,0.5536,35,1.5441,1,4784,1,3.6.1.13
0.1093,-0.9613,0.035,-1.4559,0,1642,1,3.1.6.6
27.5031,1.4394,29.6,1.4713,0,7342,1,5.3.99.2
5.3416,0.7277,4.3333,0.6368,0,7244,1,2.7.2.4
2.7168,0.4341,33,1.5185,0,4299,0.997,2.5.1.48
0.4084,-0.3889,0.63,-0.2007,0,61,1,2.3.1.57
43.7131,1.6406,1.8,0.2553,1,3325,1,3.4.13.22
0.0029,-2.5389,0.13,-0.8861,0,5695,1,4.2.1.51
4.5446,0.6575,1.3,0.1139,0,2341,1,1.4.3.3
5.3172,0.7257,3280.001,3.5159,0,1940,1,5.3.3.2
1.0528,0.0223,0.11,-0.9586,1,365,1,3.1.1.1
12.8826,1.11,9,0.9542,1,3807,1,2.6.1.30
0.2413,-0.6174,16.7,1.2227,1,1960,1,3.11.1.1
0.0174,-1.7601,0.0533,-1.273,1,99,1,1.14.14.55
12.8344,1.1084,134,2.1271,1,5418,1,3.5.1.4
0.6181,-0.2089,0.15,-0.8239,0,5746,0.992,3.1.2.20
1.5144,0.1802,0.19,-0.7212,0,1165,1,4.1.1.23
25.1532,1.4006,259.9999,2.415,0,4356,1,3.5.3.1
299.0562,2.4758,475,2.6767,0,6814,1,1.4.1.4
0.2545,-0.5944,3.1,0.4914,0,3719,1,1.21.3.3
8.509,0.9299,0.003,-2.5229,0,7684,1,3.5.3.1
37.4945,1.574,29,1.4624,0,3828,1,1.1.3.6
34.0699,1.5324,40.6,1.6085,0,2039,1,4.1.1.7
6.1058,0.7857,105.4,2.0228,1,2632,1,3.4.14.2
3.6018,0.5565,3.1,0.4914,0,3366,0.998,2.3.3.13
25.9881,1.4148,35.7,1.5527,1,1603,1,1.3.8.7
49.3175,1.693,120,2.0792,1,6291,1,3.1.1.1
1.6842,0.2264,0.1,-1,1,1297,1,3.8.1.5
1.5327,0.1855,2.67,0.4265,0,5984,1,3.8.1.5
163.9213,2.2146,5.1167,0.709,1,7836,1,3.4.11.23
0.0627,-1.2026,0.135,-0.8697,1,3304,1,6.2.1.43
0.6282,-0.2019,1.8,0.2553,1,4989,1,1.1.1.205
119.4888,2.0773,12.8,1.1072,0,7193,1,2.7.4.3
0.0388,-1.4114,0.034,-1.4685,0,6168,0.434,2.1.1.45
0.8036,-0.0949,3.3833,0.5293,1,292,1,1.1.1.21
59.5958,1.7752,0.099,-1.0044,1,5461,1,1.5.1.30
22.2963,1.3482,31,1.4914,0,2775,1,2.3.1.271
29.5888,1.4711,29.5,1.4698,0,7340,1,5.3.99.2
0.5575,-0.2538,0.1833,-0.7368,0,4501,1,2.2.1.9
4.1749,0.6206,2.7,0.4314,0,2648,0.992,1.14.11.17
20.9411,1.321,6.22,0.7938,0,5548,1,2.3.1.8
0.5364,-0.2705,0.02,-1.699,0,6175,0.437,2.1.1.45
2.3967,0.3796,7.5,0.8751,1,1828,1,1.1.1.9
6.0962,0.7851,6.6,0.8195,1,482,1,1.1.1.184
0.1611,-0.7929,19.7,1.2945,1,6634,1,3.1.2.2
0.0501,-1.3003,0.8,-0.0969,0,5362,1,3.5.3.6
0.211,-0.6757,5.9,0.7709,0,5367,1,3.5.3.6
0.0731,-1.136,0.2,-0.699,0,7319,1,3.5.1.88
0.0112,-1.9493,0.03,-1.5229,0,5201,1,1.3.1.3
6.3691,0.8041,1.6167,0.2086,1,292,1,1.1.1.21
23.9227,1.3788,70.2,1.8463,1,1936,1,3.1.1.20
3.8243,0.5826,0.03,-1.5229,1,3599,1,4.3.1.24
10.7164,1.03,7.1,0.8513,0,6959,1,1.1.1.205
4.2157,0.6249,3.8,0.5798,1,7695,1,6.1.1.19
1.5996,0.204,19.2,1.2833,0,5050,1,1.1.99.31
15.7628,1.1976,15,1.1761,0,6629,1,1.1.1.169
0.6508,-0.1865,2.3,0.3617,1,4448,1,6.3.4.13
53.2505,1.7263,641.8001,2.8074,1,6804,1,1.14.18.1
2.1289,0.3281,1.4,0.1461,0,3908,1,1.13.11.46
33.2301,1.5215,27.2,1.4346,1,2328,1,1.4.3.3
0.1291,-0.889,0.321,-0.4935,0,3317,1,4.2.3.24
0.0647,-1.1891,0.095,-1.0223,1,1865,1,4.2.1.115
0.0027,-2.5729,0.0162,-1.7905,0,5868,1,4.2.3.9
4.6364,0.6662,141.9,2.152,1,3981,1,6.1.1.16
0.216,-0.6655,0.0115,-1.9393,1,3833,1,1.3.1.20
1.1969,0.0781,0.24,-0.6198,1,2913,0.945,1.1.1.86
8.2024,0.9139,30,1.4771,0,6024,1,5.1.3.2
12.0657,1.0816,150,2.1761,1,4213,1,3.5.2.6
29.8883,1.4755,29.5,1.4698,0,632,1,2.5.1.18
17.0366,1.2314,33.9,1.5302,1,3132,1,3.4.22.15
0.8232,-0.0845,0.2,-0.699,0,6242,1,2.1.2.1
8.6102,0.935,9.7,0.9868,0,798,1,1.5.3.17
0.0013,-2.8725,0.0012,-2.9331,0,6558,0,3.2.1.4
1.4518,0.1619,2.6,0.415,1,149,1,1.1.1.179
106.6783,2.0281,200,2.301,0,5328,1,1.11.1.21
0.6424,-0.1922,2.6,0.415,1,5237,1,3.2.1.21
3.4567,0.5387,0.7,-0.1549,1,2570,1,1.1.1.87
0.2182,-0.6611,0.16,-0.7959,0,6757,1,1.4.1.20
19.0544,1.28,11.9,1.0755,0,3468,1,1.1.1.1
5.7555,0.7601,12,1.0792,0,6961,1,1.1.1.205
280.4384,2.4478,207,2.316,0,3224,1,1.1.1.49
0.909,-0.0414,0.725,-0.1397,0,6508,1,1.1.1.10
222.3648,2.3471,157,2.1959,0,1585,1,1.5.1.3
12.9825,1.1134,34,1.5315,1,1269,1,1.5.1.38
253.5258,2.404,252.5,2.4023,0,5572,1,2.3.1.8
273.8358,2.4375,18.8,1.2742,1,976,1,1.1.1.27
48.4539,1.6853,15,1.1761,1,4184,1,3.5.2.6
0.0106,-1.9735,1.1,0.0414,0,338,1,2.5.1.31
25.3074,1.4032,160,2.2041,1,947,1,1.3.1.74
1.1753,0.0702,1.5,0.1761,0,6055,1,1.3.1.9
0.4424,-0.3542,8,0.9031,1,5614,1,1.1.3.17
2.6559,0.4242,1.06,0.0253,0,2141,0.997,4.1.3.43
3.6892,0.5669,7.4,0.8692,0,774,1,3.6.1.23
36.2915,1.5598,15,1.1761,1,1680,1,3.4.11.10
1.826,0.2615,7.5,0.8751,1,1828,1,1.1.1.9
0.0427,-1.3694,0.049,-1.3098,0,1365,1,1.14.20.1
93.8923,1.9726,361.0001,2.5575,0,6319,1,3.1.3.48
6.0085,0.7788,104.7,2.0199,0,419,1,2.3.1.7
4.2924,0.6327,1.99,0.2989,0,3142,1,2.4.1.7
0.0098,-2.008,0.01,-2,0,7012,1,2.7.1.105
3.0161,0.4795,1.61,0.2068,1,362,1,3.1.1.1
200.0272,2.3011,72,1.8573,0,6416,1,1.14.99.1
9.1235,0.9602,96,1.9823,1,1680,1,3.4.11.10
1.4021,0.1468,0.55,-0.2596,0,6525,1,3.2.1.21
39.7528,1.5994,6.7,0.8261,0,1155,1,3.1.2.29
662.3099,2.8211,1927,3.2849,1,5553,1,2.3.1.8
10.3577,1.0153,7.3,0.8633,1,808,1,1.1.1.195
81.4381,1.9108,60.61,1.7825,0,6574,1,1.1.1.39
41.197,1.6149,1.5,0.1761,1,4184,1,3.5.2.6
0.2156,-0.6663,1.93,0.2856,0,6164,0.433,2.1.1.45
5.5726,0.7461,20,1.301,1,2106,1,1.1.1.284
1.4031,0.1471,2.6,0.415,0,2885,1,1.17.1.9
2.5758,0.4109,0.034,-1.4685,0,2177,1,2.7.1.145
0.1681,-0.7745,0.17,-0.7696,0,1712,1,2.4.1.87
0.3607,-0.4428,2.27,0.356,1,2971,1,1.14.99.51
125.0235,2.097,122,2.0864,1,4210,1,3.5.2.6
1187.9922,3.0748,3999.9994,3.6021,0,2092,1,5.3.1.1
53.351,1.7271,680.0002,2.8325,0,2355,1,1.4.3.3
9.3475,0.9707,7.1,0.8513,1,927,1,1.1.1.31
1.3658,0.1354,0.23,-0.6383,0,1135,1,1.19.1.1
4.2137,0.6247,2.2,0.3424,0,5924,1,2.7.7.84
10.0137,1.0006,1.21,0.0828,0,7728,1,1.1.1.42
3.9715,0.599,3,0.4771,1,4805,1,1.2.1.3
81.6309,1.9119,1.2,0.0792,0,7038,0.997,3.5.2.6
53.1079,1.7252,7.7,0.8865,0,2361,1,1.4.3.3
3.1283,0.4953,3.2,0.5051,0,3731,0,1.13.11.50
34.7032,1.5404,14,1.1461,1,7335,1,4.4.1.3
23.6347,1.3736,45,1.6532,1,5405,1,1.1.1.10
34.9723,1.5437,66,1.8195,0,6753,1,1.4.1.20
1.5135,0.18,4.38,0.6415,0,242,1,2.7.1.74
5.9381,0.7736,2.5,0.3979,1,4333,1,2.10.1.1
0.1546,-0.8107,0.12,-0.9208,0,1861,1,3.5.3.13
46.7113,1.6694,41,1.6128,0,4654,1,1.1.1.28
0.0801,-1.0962,0.04,-1.3979,1,4843,1,1.2.3.1
0.0692,-1.1601,0.0517,-1.2868,1,2623,1,1.1.1.50
16.6522,1.2215,0.0163,-1.7878,1,7537,1,2.7.4.21
3.6292,0.5598,1,0,0,7711,1,1.1.1.42
1.6247,0.2108,3.4,0.5315,0,2264,1,5.3.1.5
7.6937,0.8861,37.8,1.5775,1,1599,1,2.3.1.248
35.9749,1.556,49,1.6902,0,3829,1,1.1.3.6
10.2199,1.0094,2.93,0.4669,1,2539,1,1.1.1.91
0.0057,-2.2444,0.0038,-2.4157,0,3556,1,5.4.2.6
0.7951,-0.0996,0.8333,-0.0792,1,5089,1,6.3.2.5
36.4909,1.5622,56,1.7482,1,97,1,1.6.5.5
2.8438,0.4539,2.7,0.4314,0,3929,1,2.4.2.18
0.7074,-0.1504,0.98,-0.0088,0,6753,1,1.4.1.20
5.2539,0.7205,5.4,0.7324,0,730,1,2.4.2.8
13.4455,1.1286,50,1.699,1,7335,1,4.4.1.3
0.503,-0.2985,0.014,-1.8539,0,5435,1,2.5.1.16
14.4214,1.159,23,1.3617,0,7024,1,3.5.2.6
9.0841,0.9583,16.8,1.2253,0,4915,1,1.1.3.10
9.1272,0.9603,8.1,0.9085,0,799,1,1.5.3.17
84.6048,1.9274,8.4,0.9243,1,4186,1,3.5.2.6
32.6423,1.5138,768.9999,2.8859,1,5415,1,3.5.1.4
183.3119,2.2632,93,1.9685,0,6416,1,1.14.99.1
10.6255,1.0263,64.3,1.8082,1,5212,1,1.13.11.5
37.4234,1.5731,18.04,1.2562,1,2429,1,1.4.3.2
1110.2851,3.0454,1799.9995,3.2553,1,1308,1,1.11.1.7
14.5471,1.1628,54.1,1.7332,0,5937,1,6.1.1.16
92.6878,1.967,184,2.2648,0,4907,1,1.1.3.10
7.5248,0.8765,1.83,0.2625,1,1827,1,1.1.1.9
0.2919,-0.5348,0.083,-1.0809,0,4696,1,1.3.5.2
64.0767,1.8067,32.45,1.5112,0,5701,1,4.2.1.51
0.3739,-0.4273,0.35,-0.4559,1,411,1,3.3.2.6
0.2523,-0.5981,0.26,-0.585,0,4851,1,1.1.3.38
0.0105,-1.9782,0.001,-3,0,578,1,4.1.99.2
36.7393,1.5651,10.98,1.0406,1,2383,0,3.1.1.25
2.5215,0.4017,1.3,0.1139,0,556,1,6.3.4.24
3.7133,0.5698,1200.0002,3.0792,1,3915,1,1.7.1.14
0.0206,-1.6851,0.02,-1.699,1,7205,1,1.1.1.149
0.6913,-0.1604,0.022,-1.6576,1,2627,1,1.1.1.50
14.0921,1.149,26,1.415,0,7267,1,1.1.1.21
17.7236,1.2486,1.7333,0.2389,1,6896,1,1.14.14.1
13.8356,1.141,0.022,-1.6576,1,5574,1,2.3.1.232
0.2517,-0.5992,0.0483,-1.3158,1,2623,1,1.1.1.50
22.9994,1.3617,46.5,1.6675,0,5684,1,2.3.1.233
0.1456,-0.8369,9.8,0.9912,0,6925,1,5.4.2.6
0.0862,-1.0644,0.0456,-1.341,0,1359,1,1.14.20.1
20.9207,1.3206,2.08,0.3181,0,470,1,2.7.7.9
2.988,0.4754,0.12,-0.9208,1,2653,1,2.3.1.31
30.1576,1.4794,3,0.4771,0,5651,1,4.1.2.47
9439.7105,3.975,10049.9978,4.0022,0,213,1,1.1.1.37
0.0039,-2.4091,0.0012,-2.9329,0,3754,0.52,2.1.1.41
2.4088,0.3818,2.91,0.4639,0,4147,1,3.7.1.1
523.5715,2.719,219,2.3404,1,509,1,3.1.3.2
235.2676,2.3716,730.0002,2.8633,1,2158,1,2.5.1.47
15.4547,1.1891,24,1.3802,1,5404,1,1.1.1.10
4.6668,0.669,0.0411,-1.3862,0,4757,1,3.6.1.13
7.465,0.873,2.7,0.4314,0,5789,1,6.2.1.33
222.0595,2.3465,191,2.281,0,7107,1,2.7.2.1
5.4535,0.7367,25.3,1.4031,0,6728,1,1.3.8.6
135.5598,2.1321,0.3133,-0.504,1,369,1,3.1.1.1
0.0213,-1.6722,1.8,0.2553,1,5197,1,1.3.1.3
23.2185,1.3658,13.1,1.1173,0,3468,1,1.1.1.1
40.4243,1.6066,21.5,1.3324,1,5409,1,1.1.99.18
0.2888,-0.5393,0.33,-0.4815,0,6529,1,3.2.1.21
0.6343,-0.1977,0.51,-0.2924,0,6948,1,1.1.1.205
7.0149,0.846,6.2,0.7924,0,2030,1,4.1.1.7
0.8306,-0.0806,5.6,0.7482,1,2855,1,1.17.1.9
1.5032,0.177,1.3,0.1139,1,7417,1,1.1.1.n11
0.6244,-0.2045,0.53,-0.2757,1,1506,1,2.5.1.104
9.8356,0.9928,2.6,0.415,1,2824,1,3.6.1.56
26.106,1.4167,60,1.7782,1,161,1,6.4.1.1
0.0252,-1.5984,0.098,-1.0088,0,5798,1,1.14.15.18
0.1125,-0.9489,0.033,-1.4815,0,6115,1,2.3.1.4
2.2898,0.3598,0.26,-0.585,0,3293,0.452,1.1.1.267
0.3658,-0.4368,0.3,-0.5229,1,651,1,1.14.13.231
0.018,-1.7438,0.14,-0.8539,1,5197,1,1.3.1.3
1.9921,0.2993,0.83,-0.0809,0,2185,1,2.7.1.145
274.847,2.4391,67,1.8261,0,7105,1,2.7.2.1
9.2038,0.964,745,2.8722,1,1468,1,4.2.1.17
4.4296,0.6464,26,1.415,1,3465,1,1.1.1.1
291.3582,2.4644,1290.0003,3.1106,0,4218,1,3.5.2.6
4212.6103,3.6246,199999.9511,5.301,1,1847,1,1.13.11.49
1.0384,0.0164,0.35,-0.4559,0,4555,1,1.4.3.19
122.6381,2.0886,56,1.7482,0,7777,1,1.1.1.40
0.1388,-0.8577,0.63,-0.2007,1,3304,1,6.2.1.43
1.473,0.1682,0.94,-0.0269,1,4932,1,3.6.1.12
104.1611,2.0177,35.9,1.5551,1,496,1,3.2.1.39
151.5108,2.1804,801.9998,2.9042,1,2229,1,1.1.1.47
0.2614,-0.5827,1.2,0.0792,1,5744,1,3.1.2.20
5.9231,0.7725,2.1,0.3222,1,3655,1,1.2.99.7
80.9711,1.9083,5.2,0.716,0,5629,1,3.2.1.22
341.3576,2.5332,354,2.549,0,2004,1,1.6.2.2
100.1871,2.0008,487.0001,2.6875,0,6328,1,3.1.3.48
0.1877,-0.7266,0.3167,-0.4994,1,2623,1,1.1.1.50
2.7967,0.4466,1.8,0.2553,1,2637,1,1.1.1.268
1.7774,0.2498,1.5833,0.1996,1,7184,1,1.1.1.2
2.9498,0.4698,102,2.0086,1,276,1,1.1.1.35
4.1824,0.6214,3.5,0.5441,0,3812,1,2.6.1.30
12.3153,1.0904,18.68,1.2714,1,3170,1,3.6.1.66
52.7231,1.722,0.4,-0.3979,1,4192,1,3.5.2.6
183.3321,2.2632,60,1.7782,1,3666,1,1.8.1.7
1.5863,0.2004,41.66,1.6197,1,3745,0.364,3.4.14.9
2.7558,0.4402,18,1.2553,1,4523,1,1.14.16.1
22.7737,1.3574,0.37,-0.4318,1,7499,1,3.1.4.16
6.5452,0.8159,1.7,0.2304,1,4454,1,4.2.1.41
38.2486,1.5826,287.1999,2.4582,1,2764,0.995,2.3.1.271
381.279,2.5812,540,2.7324,0,2013,1,1.6.2.2
698.9901,2.8445,0.36,-0.4437,1,3057,1,3.1.8.1
74.1793,1.8703,62.4,1.7952,1,6934,1,3.4.15.1
73.0162,1.8634,19.7,1.2945,1,6279,1,3.4.21.62
9.4118,0.9737,0.14,-0.8539,1,1610,1,3.5.1.14
1.1211,0.0496,0.1767,-0.7528,1,6579,1,2.5.1.15
4.9992,0.6989,0.14,-0.8539,0,7748,1,1.1.1.42
31.9472,1.5044,53,1.7243,0,6752,1,1.4.1.20
0.0371,-1.4305,0.0053,-2.2757,0,7515,1,2.7.7.7
0.8982,-0.0466,0.15,-0.8239,1,5646,1,4.1.2.47
1.3985,0.1456,21.5,1.3324,0,4538,1,1.14.16.1
3.1367,0.4965,1.09,0.0374,0,124,1,3.2.2.1
111.4127,2.0469,185,2.2672,1,3892,1,3.5.4.1
20.0644,1.3024,7.6,0.8808,0,6216,1,2.1.1.45
0.8419,-0.0747,0.3,-0.5229,0,4855,1,1.1.3.38
6.6804,0.8248,3.2,0.5051,1,3465,1,1.1.1.1
3.104,0.4919,3.5,0.5441,1,2643,0.996,1.14.11.17
1.2611,0.1007,0.19,-0.7212,0,7638,0,4.1.1.85
0.0079,-2.1048,0.005,-2.301,0,581,1,4.1.99.2
22.3526,1.3493,15,1.1761,0,7270,1,1.1.1.21
2.3179,0.3651,2.5,0.3979,1,2897,1,2.7.1.157
8.0179,0.9041,4.8,0.6812,0,3468,1,1.1.1.1
1.172,0.0689,8.6,0.9345,1,5160,1,1.14.13.84
15946.4536,4.2027,19999.9961,4.301,0,2083,1,5.3.1.1
6.4396,0.8089,2.2,0.3424,1,5404,1,1.1.1.10
2.8168,0.4497,0.8,-0.0969,0,4424,1,6.1.1.4
23.0816,1.3633,23.83,1.3771,0,1837,1,1.1.1.9
126.5436,2.1022,65,1.8129,1,5,1,1.2.1.65
6.6243,0.8211,0.8,-0.0969,1,5415,1,3.5.1.4
3.8314,0.5834,9.6,0.9823,1,771,1,3.6.1.23
10260.0283,4.0111,673.9999,2.8287,1,211,1,1.1.1.37
14.5592,1.1631,53,1.7243,0,5134,1,2.4.2.1
0.2953,-0.5298,2.28,0.3579,0,4138,1,2.3.3.14
3.0243,0.4806,0.55,-0.2596,0,4075,1,1.1.1.103
1.6287,0.2119,4670.0008,3.6693,0,2096,1,5.3.1.1
4.6441,0.6669,0.0093,-2.0315,0,3968,1,6.1.1.16
23.8995,1.3784,15,1.1761,1,5403,1,1.1.1.10
8.5043,0.9296,13.5,1.1303,1,1739,1,1.1.1.95
43030.1061,4.6338,53999.995,4.7324,0,2834,1,1.1.1.282
3.8624,0.5869,0.28,-0.5528,0,3919,0.994,2.4.2.18
0.2613,-0.5828,0.003,-2.5229,1,3645,1,2.5.1.123
0.0185,-1.7334,0.012,-1.9208,0,584,1,4.1.99.2
128.7351,2.1097,106,2.0253,1,1503,1,3.2.1.58
0.0169,-1.7712,0.0002,-3.6716,0,7704,1,1.1.1.42
0.021,-1.6779,0.5,-0.301,1,4852,1,1.1.3.38
0.0475,-1.3233,4.2,0.6232,1,545,1,2.1.2.1
307.1282,2.4873,3569.9997,3.5527,1,4174,1,3.5.2.6
1.603,0.2049,13.2,1.1206,0,5058,0.997,1.1.99.31
10.8044,1.0336,40,1.6021,1,1104,1,1.1.1.169
187.3227,2.2726,9.8,0.9912,0,559,1,4.1.1.25
1.1701,0.0682,9408.9974,3.9735,1,1097,1,3.1.1.45
0.0325,-1.4882,0.016,-1.7959,0,2463,1,2.1.1.184
2.7539,0.4399,0.6667,-0.1761,0,5953,0.997,1.1.1.284
27004.3171,4.4314,71899.9542,4.8567,1,876,1,4.2.1.1
36.8645,1.5666,0.093,-1.0315,0,684,1,5.1.1.3
164.5233,2.2162,74,1.8692,1,2630,0,1.1.1.50
35.3443,1.5483,15.9,1.2014,0,2609,1,1.1.1.44
200.5237,2.3022,8,0.9031,1,368,1,3.1.1.1
0.7445,-0.1281,171,2.233,1,1140,1,3.4.17.2
194.5806,2.2891,188,2.2742,0,349,1,2.4.1.25
4.2011,0.6234,7.4,0.8692,1,7309,1,1.1.1.1
0.8003,-0.0967,0.62,-0.2076,0,6756,1,1.4.1.20
90.8601,1.9584,121,2.0828,0,1517,1,3.2.1.70
14.7712,1.1694,10.17,1.0073,0,47,1,5.1.1.5
0.2607,-0.5839,0.1,-1,1,3674,0.881,4.99.1.1
55.7613,1.7463,2.2,0.3424,1,3497,1,1.16.3.1
11.3307,1.0543,25,1.3979,0,1017,1,1.5.1.11
290.441,2.4631,1.4,0.1461,1,976,1,1.1.1.27
0.0331,-1.4796,0.028,-1.5528,0,2638,0.996,1.1.1.268
14.8034,1.1704,25,1.3979,1,5405,1,1.1.1.10
573.2225,2.7583,1833.3339,3.2632,1,4726,1,3.1.1.8
0.0403,-1.3943,2,0.301,1,1867,1,3.4.24.56
132.8432,2.1233,7.5,0.8751,0,7506,1,2.7.7.7
0.654,-0.1844,11.8,1.0719,0,5577,0,4.1.2.52
13.2326,1.1216,15.25,1.1833,0,165,1,3.5.1.77
478.163,2.6796,254.3,2.4053,0,7053,0.992,3.5.2.6
0.316,-0.5003,0.17,-0.7696,0,3407,0.263,6.3.3.2
57.9154,1.7628,0.08,-1.0969,0,4110,0.72,3.2.1.55
18.6532,1.2708,0.15,-0.8239,0,3042,1,4.2.1.22
42.1844,1.6252,42,1.6232,0,912,1,1.1.1.25
3.5122,0.5456,24.2,1.3838,1,1314,1,3.4.16.5
3.5423,0.5493,0.11,-0.9586,0,7297,1,4.1.99.1
24.9523,1.3971,132,2.1206,0,2049,1,4.1.1.7
1.6279,0.2116,2.7,0.4314,0,5724,1,1.14.13.92
0.7079,-0.1501,0.29,-0.5376,0,5730,1,1.4.3.20
2.1638,0.3352,5.4,0.7324,0,6308,1,3.1.3.48
153.2463,2.1854,1457.0001,3.1635,1,3650,1,3.6.1.7
295.0846,2.4699,1.3,0.1139,1,1034,1,3.4.24.27
14.2164,1.1528,8,0.9031,1,1444,1,1.11.2.2
107.8839,2.033,125,2.0969,1,1963,1,1.8.1.12
1.0441,0.0188,0.05,-1.301,0,7572,1,4.1.2.13
0.846,-0.0726,0.14,-0.8539,0,4816,0.287,1.3.3.4
2.8339,0.4524,6.6,0.8195,0,2189,1,2.7.1.145
0.1748,-0.7573,0.25,-0.6021,0,874,1,1.1.1.209
20.0828,1.3028,9.6,0.9823,0,6754,1,1.4.1.20
69.5799,1.8425,35,1.5441,1,4173,1,3.5.2.6
0.7567,-0.1211,1.68,0.2253,0,78,1,4.1.1.33
6.6656,0.8238,5.2,0.716,0,3271,1,2.7.1.20
0.0997,-1.0014,0.035,-1.4559,1,2623,1,1.1.1.50
0.4486,-0.3481,0.2,-0.699,0,4011,0,4.1.1.48
1.7306,0.2382,3,0.4771,1,1295,1,3.8.1.5
57.1835,1.7573,0.06,-1.2218,1,1195,1,2.3.1.47
38.3254,1.5835,8,0.9031,1,360,1,1.11.1.10
345.6811,2.5387,310.9999,2.4928,0,4446,1,4.1.1.12
2.402,0.3806,0.105,-0.9788,1,4508,1,4.2.3.118
7.5886,0.8802,12,1.0792,1,4206,1,3.5.2.6
27.3432,1.4368,0.08,-1.0969,0,6562,0,1.13.11.16
1.0634,0.0267,30,1.4771,0,108,1,4.4.1.11
11.133,1.0466,1.22,0.0864,1,3462,1,1.1.1.1
300.9435,2.4785,7.5,0.8751,0,7439,1,1.1.1.267
2.1977,0.342,0.33,-0.4815,1,5100,1,6.2.1.25
4.0815,0.6108,5.7,0.7559,0,3442,1,1.20.1.1
10.7985,1.0334,2.2718,0.3564,0,4938,1,2.7.7.23
0.2598,-0.5853,0.44,-0.3565,0,4702,1,1.3.5.2
0.2796,-0.5535,0.5,-0.301,1,3417,1,6.2.1.5
8.722,0.9406,41,1.6128,1,3807,1,2.6.1.30
173.1872,2.2385,106,2.0253,1,983,1,1.1.1.27
3.148,0.498,4.33,0.6365,0,2336,1,1.4.3.3
75.1545,1.876,150,2.1761,0,1158,1,3.1.2.29
33.6023,1.5264,37.2,1.5705,0,2497,1,5.3.1.4
0.3274,-0.4849,0.21,-0.6778,1,95,1,1.6.5.5
6.6959,0.8258,10.04,1.0017,0,4758,1,3.6.1.13
5.076,0.7055,4.4,0.6435,0,5353,1,1.13.11.33
0.5595,-0.2522,0.0091,-2.041,0,578,1,4.1.99.2
189.6212,2.2779,777.9999,2.891,0,4663,1,1.1.1.28
35.3431,1.5483,164,2.2148,1,2698,1,4.1.2.10
2.4918,0.3965,8,0.9031,1,1828,1,1.1.1.9
0.0378,-1.4229,0.015,-1.8239,1,1606,1,1.14.14.23
0.2534,-0.5962,5.538,0.7434,1,6091,1,1.1.1.334
2.7499,0.4393,2.458,0.3906,0,4272,0.954,1.1.1.248
4.1653,0.6196,2.67,0.4265,0,2724,0.259,4.1.3.3
0.0042,-2.372,0.002,-2.699,1,6451,1,3.2.1.37
3.5381,0.5488,1.9,0.2788,0,6754,1,1.4.1.20
1.769,0.2477,0.21,-0.6778,1,482,1,1.1.1.184
735.0176,2.8663,25,1.3979,1,4121,1,1.8.1.4
12.1635,1.0851,12.2,1.0864,0,2126,1,1.13.11.48
26.8756,1.4294,132,2.1206,0,2049,1,4.1.1.7
0.5738,-0.2413,3.1,0.4914,1,228,1,2.7.1.74
3.5344,0.5483,5.2,0.716,0,3577,1,6.1.1.15
48.3111,1.684,31.7,1.5011,0,4905,1,1.1.3.10
84.7535,1.9282,47,1.6721,1,1077,1,1.1.1.141
0.0225,-1.648,0.02,-1.699,1,6928,1,2.1.1.128
14.9046,1.1733,9.1,0.959,0,6545,1,3.3.1.1
14.3198,1.1559,10.7,1.0294,1,1511,1,2.4.1.211
0.102,-0.9913,0.76,-0.1192,0,2860,1,1.17.1.9
0.1197,-0.9218,0.16,-0.7959,0,2862,1,1.17.1.9
2.2879,0.3594,3.5,0.5441,0,2181,1,2.7.1.145
4.8226,0.6833,3.6,0.5563,0,4591,1,6.3.2.2
10.3189,1.0136,0.4,-0.3979,1,5235,1,1.3.1.2
0.7079,-0.1501,0.39,-0.4089,0,5731,1,1.4.3.20
0.0753,-1.123,0.46,-0.3372,0,1952,1,1.1.3.47
61.0569,1.7857,34.5,1.5378,1,5654,1,4.1.2.47
0.4664,-0.3312,0.0867,-1.062,1,6,1,2.7.1.49
28.8778,1.4606,11,1.0414,1,6830,0.975,3.4.11.9
6.0435,0.7813,7.3,0.8633,0,1015,1,1.5.1.11
136.4441,2.135,47,1.6721,0,7755,1,1.2.1.11
193.363,2.2864,165.8333,2.2197,1,1937,1,1.5.1.1
0.6253,-0.2039,0.62,-0.2076,0,3921,1,2.4.2.18
0.0319,-1.4959,0.1,-1,1,4720,1,1.14.14.88
1.0749,0.0314,4.03,0.6053,0,2179,1,2.7.1.145
4.2494,0.6283,3.8,0.5798,0,6298,0.992,1.14.11.17
851.8903,2.9304,215,2.3324,0,4084,1,1.1.5.2
0.3662,-0.4363,0.17,-0.7696,0,7841,1,1.2.3.1
14.3291,1.1562,2.7167,0.434,1,484,1,1.1.1.184
1.6085,0.2064,2.25,0.3522,0,5993,1,3.8.1.5
0.1451,-0.8384,0.06,-1.2218,0,1322,1,1.2.1.12
37.1785,1.5703,53.5,1.7284,0,5324,1,1.11.1.21
3.262,0.5135,8.66,0.9375,0,613,1,2.5.1.18
0.1615,-0.7918,0.2667,-0.574,0,6664,0,4.1.2.40
13.2227,1.1213,0.45,-0.3468,0,2504,1,6.1.1.21
11.3104,1.0535,11,1.0414,0,3420,1,3.6.1.65
1.7077,0.2324,8.7,0.9395,1,4685,1,2.7.1.6
0.0222,-1.6528,0.065,-1.1871,0,1250,1,4.2.1.2
3.7382,0.5727,0.389,-0.4101,0,7433,1,6.3.4.2
23.0546,1.3628,270,2.4314,1,1468,1,4.2.1.17
0.0365,-1.4376,0.037,-1.4318,0,6918,1,5.4.2.6
3.8679,0.5875,3.92,0.5933,1,5693,1,1.2.1.4
11.2848,1.0525,3.5,0.5441,1,6471,0,3.6.1.29
28.1376,1.4493,17,1.2304,1,4540,1,4.2.1.40
26.7739,1.4277,10.1,1.0043,0,3705,0.3,3.5.2.5
0.1739,-0.7596,0.0553,-1.2573,0,4811,0.283,1.3.3.4
14.5748,1.1636,45,1.6532,0,7723,1,1.1.1.42
0.7743,-0.1111,1299.9996,3.1139,1,2855,1,1.17.1.9
4.1747,0.6206,0.74,-0.1308,0,2646,0.992,1.14.11.17
51.4969,1.7118,130,2.1139,0,5133,1,2.4.2.1
37.5264,1.5743,6.9,0.8388,1,2516,1,3.4.21.9
0.1802,-0.7443,8.17,0.9122,1,4173,1,3.5.2.6
3.5573,0.5511,30.83,1.489,1,5515,1,2.7.7.24
5.9568,0.775,2,0.301,1,5923,0.997,2.7.7.84
10.3429,1.0146,200,2.301,0,2801,1,4.1.1.1
245.8781,2.3907,760.9999,2.8814,0,7099,1,2.7.2.1
2.0984,0.3219,3.62,0.5587,1,6597,1,2.7.1.95
110.4202,2.043,75,1.8751,1,2630,0,1.1.1.50
7.3578,0.8668,41.7,1.6201,1,5039,1,1.2.1.95
0.2093,-0.6793,0.17,-0.7696,0,4614,1,1.4.1.20
0.0052,-2.2812,0.04,-1.3979,1,5006,1,6.3.2.1
0.0145,-1.839,0.26,-0.585,0,3593,0.224,6.3.3.6
0.9418,-0.0261,1.47,0.1673,0,7064,1,1.1.1.213
2.6117,0.4169,3.6667,0.5643,1,484,1,1.1.1.184
0.6408,-0.1933,0.6333,-0.1984,0,7577,1,2.7.3.2
4.0871,0.6114,0.15,-0.8239,0,4187,1,3.5.2.6
0.162,-0.7904,0.016,-1.7959,0,668,1,3.8.1.7
20.2273,1.3059,50.68,1.7048,0,50,1,5.1.1.5
0.0026,-2.578,0.0027,-2.5686,1,5599,1,3.2.1.37
29.1023,1.4639,11,1.0414,1,4184,1,3.5.2.6
0.2077,-0.6826,103,2.0128,1,3720,1,1.21.3.3
16.4367,1.2158,5.6,0.7482,0,402,1,4.1.1.18
21.8835,1.3401,1.54,0.1875,0,7331,1,5.4.2.2
0.1096,-0.9601,0.02,-1.699,1,6875,1,1.14.14.1
2.592,0.4136,12.9,1.1106,1,6657,1,3.2.1.25
3.247,0.5115,1.4,0.1461,0,3514,1,2.7.1.21
1.1898,0.0755,1.06,0.0253,1,3599,1,4.3.1.24
11.6365,1.0658,107,2.0294,0,4704,1,1.3.5.2
1.6526,0.2182,1.3,0.1139,1,5415,1,3.5.1.4
0.4106,-0.3865,1.1,0.0414,1,675,1,3.8.1.7
0.0026,-2.5868,0.0553,-1.2573,1,4954,1,4.2.3.46
32.9709,1.5181,47.2,1.6739,1,4877,1,1.1.3.10
25.5571,1.4075,20.7,1.316,1,5579,1,2.4.1.281
79.9784,1.903,4.9,0.6902,0,6730,1,4.2.2.7
1.3911,0.1434,1.21,0.0828,0,4571,1,1.4.3.19
1.0564,0.0238,1.3,0.1139,0,7041,1,3.5.2.6
0.0152,-1.8169,1.54,0.1875,0,5297,0.986,3.1.2.23
36.8564,1.5665,49,1.6902,0,6490,1,1.1.1.38
15.598,1.1931,13.5,1.1303,1,5965,1,2.7.1.24
756.667,2.8789,79,1.8976,0,5550,1,2.3.1.8
7.0595,0.8488,13.3333,1.1249,0,7242,1,2.7.2.4
126.5539,2.1023,1827.0005,3.2617,1,3116,1,5.1.99.6
33.2243,1.5215,25,1.3979,0,6750,1,1.4.1.20
2.5234,0.402,3,0.4771,0,2336,1,1.4.3.3
0.304,-0.5171,0.29,-0.5376,1,5170,0,6.3.4.15
0.1689,-0.7724,0.12,-0.9208,0,6130,0.436,2.1.1.45
0.1464,-0.8345,0.25,-0.6021,1,875,1,1.1.1.209
7.3414,0.8658,1.2,0.0792,1,1610,1,3.5.1.14
13.8839,1.1425,25.6,1.4082,1,4598,1,1.1.1.206
1.35,0.1303,21,1.3222,1,7017,1,3.5.2.6
2.3183,0.3652,0.44,-0.3565,1,3655,1,1.2.99.7
0.0451,-1.3454,0.5,-0.301,1,6644,0,3.2.1.18
2.6407,0.4217,0.98,-0.0088,0,414,1,2.3.1.7
31.8484,1.5031,34,1.5315,0,6499,1,2.7.1.90
8.7007,0.9396,8.6,0.9345,0,1755,1,1.1.1.95
0.0261,-1.5838,0.0238,-1.6234,0,3869,1,2.7.1.177
3.8378,0.5841,2.17,0.3365,0,7229,0.996,3.1.2.12
1698.803,3.2301,1929.9996,3.2856,1,5019,1,1.1.99.35
0.4556,-0.3414,0.27,-0.5686,0,6140,0.436,2.1.1.45
1.6353,0.2136,0.0095,-2.0223,0,5397,1,1.1.1.10
0.0147,-1.8335,0.045,-1.3468,1,5197,1,1.3.1.3
0.1999,-0.6992,1.8,0.2553,0,5363,1,3.5.3.6
5.4125,0.7334,85.3,1.9309,1,2328,1,1.4.3.3
190.0388,2.2788,1669.9998,3.2227,1,219,1,3.4.11.1
1.0776,0.0325,6.41,0.8069,0,7297,1,4.1.99.1
129.7554,2.1131,50,1.699,1,2807,1,3.5.1.11
5.6539,0.7523,2.89,0.4609,0,7036,1,3.5.2.6
83.6177,1.9223,36,1.5563,0,6587,1,1.5.1.3
2.1901,0.3405,1.4,0.1461,0,7634,0,4.1.1.85
6.6009,0.8196,0.25,-0.6021,1,5491,1,2.6.1.5
16.3536,1.2136,64,1.8062,1,6255,1,3.5.4.11
0.0031,-2.5126,0.0019,-2.7212,0,2198,1,2.5.1.90
0.0485,-1.3139,0.062,-1.2076,0,4401,1,2.3.1.182
7.5226,0.8764,0.14,-0.8539,0,7748,1,1.1.1.42
0.4003,-0.3976,12.8,1.1072,1,277,1,2.5.1.19
1.1583,0.0638,1.67,0.2227,1,4325,1,1.2.1.44
0.566,-0.2472,0.5,-0.301,0,4854,1,1.1.3.38
0.5342,-0.2723,0.7,-0.1549,1,3512,1,2.7.1.21
0.0982,-1.0077,0.33,-0.4815,0,1743,1,1.1.1.95
8.9232,0.9505,9.2,0.9638,0,1267,1,1.5.1.38
5.6886,0.755,4.15,0.618,0,6806,1,4.3.2.1
25.6136,1.4085,42,1.6232,1,2131,1,1.13.11.48
56.0802,1.7488,1299.9996,3.1139,1,6668,1,3.2.1.1
1.2362,0.0921,1.05,0.0212,0,6057,1,1.3.1.9
1.0318,0.0136,0.6,-0.2218,0,4401,1,2.3.1.182
5.1602,0.7127,2.7,0.4314,1,1469,1,1.3.8.6
1327.023,3.1229,2940.0006,3.4683,1,5528,1,5.5.1.1
45.2723,1.6558,350,2.5441,1,6617,1,2.7.7.23
61.0647,1.7858,40,1.6021,0,2382,0,3.1.1.25
0.2517,-0.5992,0.3167,-0.4994,1,2623,1,1.1.1.50
14.5497,1.1629,1.4,0.1461,1,2618,0.965,3.3.1.1
993.2498,2.9971,229,2.3598,1,4577,1,3.5.1.81
2.6557,0.4242,1.88,0.2742,0,2183,1,2.7.1.145
3.0363,0.4823,3.2,0.5051,0,5494,1,2.6.1.5
0.9037,-0.044,0.71,-0.1487,0,6363,1,2.7.7.19
22.3033,1.3484,15,1.1761,0,7854,1,1.3.1.12
0.0273,-1.5644,0.1613,-0.7923,1,6878,1,1.14.14.1
0.1583,-0.8006,0.054,-1.2676,0,6170,0.442,2.1.1.45
72.4651,1.8601,157,2.1959,0,7782,1,1.1.1.40
0.0267,-1.5732,0.0229,-1.6402,0,2465,1,2.1.1.184
16.4069,1.215,220,2.3424,0,2801,1,4.1.1.1
0.3423,-0.4656,0.6,-0.2218,0,7444,1,2.4.2.10
7.8231,0.8934,9.33,0.9699,1,5495,1,2.6.1.5
0.253,-0.5968,2.9,0.4624,1,6927,1,4.1.1.36
56.9352,1.7554,50,1.699,0,4329,1,1.3.1.44
19.4058,1.2879,0.81,-0.0915,1,891,1,1.13.11.12
0.0124,-1.9083,0.0075,-2.1249,0,3316,1,4.2.3.24
94.6737,1.9762,4100.0011,3.6128,0,5539,1,1.14.13.50
122.4468,2.0879,95,1.9777,1,5175,1,1.4.3.22
0.2086,-0.6806,0.0093,-2.03,0,7059,1,1.1.1.213
0.0976,-1.0104,0.085,-1.0706,0,3001,0.997,1.13.11.80
1.4895,0.173,1.09,0.0374,0,3478,1,6.3.5.4
4.2487,0.6283,5.6,0.7482,1,4874,1,1.13.11.1
34.6307,1.5395,47.1,1.673,0,2343,1,1.4.3.3
0.0099,-2.0029,0.2,-0.699,1,6979,1,2.7.1.107
67.5138,1.8294,3.4,0.5315,0,7609,1,2.8.3.18
0.1978,-0.7039,0.12,-0.9208,0,6133,0.436,2.1.1.45
0.0149,-1.8255,0.009,-2.0458,0,262,1,2.6.1.62
6.9528,0.8422,0.86,-0.0655,1,1406,1,1.16.1.8
1.4877,0.1725,1,0,0,3249,0,3.1.3.12
1.5084,0.1785,0.23,-0.6383,1,5716,1,1.14.13.92
1.3496,0.1302,2.7,0.4314,0,4400,1,2.3.1.182
2.8389,0.4532,1.43,0.1553,1,6565,1,2.4.1.111
0.5763,-0.2393,0.8983,-0.0466,0,1878,1,4.2.1.129
1.0871,0.0363,0.42,-0.3768,0,6379,1,2.7.7.19
47.7754,1.6792,38.9,1.5899,0,3209,0.997,1.1.1.265
0.0026,-2.5919,0.0005,-3.3089,0,5837,1,4.2.3.9
1.4972,0.1753,222.2,2.3467,1,4439,1,1.3.5.1
105.208,2.022,69,1.8388,1,496,1,3.2.1.39
0.7776,-0.1093,1.4,0.1461,0,6750,1,1.4.1.20
108.6935,2.0362,87.5,1.942,0,4651,1,2.4.1.10
0.9537,-0.0206,0.083,-1.0809,0,6467,1,4.1.1.17
159.5945,2.203,30,1.4771,0,6411,1,1.14.99.1
9.1083,0.9594,0.047,-1.3279,0,7732,1,1.1.1.42
58560.3272,4.7676,186999.9225,5.2718,0,2835,1,1.1.1.282
0.2203,-0.657,0.133,-0.8761,1,3833,1,1.3.1.20
0.0611,-1.2143,0.046,-1.3372,0,1360,1,1.14.20.1
51.1345,1.7087,13.96,1.1449,1,5412,1,1.1.1.38
47.5184,1.6769,52,1.716,0,6500,1,2.7.1.90
15.2622,1.1836,35.9,1.5551,1,5792,1,2.4.2.3
0.0195,-1.7089,4,0.6021,0,968,1,2.4.1.37
0.0377,-1.4232,0.021,-1.6778,0,1341,1,1.14.20.1
3.4873,0.5425,3.3,0.5185,1,3462,1,1.1.1.1
426.1749,2.6296,403.0001,2.6053,0,2007,1,1.6.2.2
25.1672,1.4008,1709.9998,3.233,0,4474,1,3.2.1.26
78.6339,1.8956,29,1.4624,0,5155,0.998,3.5.1.86
0.28,-0.5529,0.32,-0.4949,0,2443,0.355,5.4.99.2
0.0183,-1.7377,0.0005,-3.3372,0,199,1,4.1.99.1
3.4336,0.5357,1.42,0.1523,1,2108,0.949,1.1.1.284
0.6406,-0.1934,3.5,0.5441,1,4022,1,4.1.1.74
0.0367,-1.4349,0.0318,-1.4976,0,2468,1,2.1.1.184
0.8994,-0.0461,4.9,0.6902,1,82,1,4.1.1.33
6.612,0.8203,12,1.0792,1,2662,1,1.4.1.2
0.0134,-1.8733,0.08,-1.0969,0,6888,0.993,1.14.14.1
3.4477,0.5375,2.85,0.4548,0,3856,1,2.7.1.26
41.1579,1.6145,3.33,0.5224,1,3414,1,6.3.3.2
1.8183,0.2597,3.37,0.5276,0,243,1,2.7.1.74
14.3689,1.1574,0.417,-0.3799,0,1317,1,1.3.1.12
17.4991,1.243,10,1,1,4213,1,3.5.2.6
4.0012,0.6022,4.54,0.6571,0,1550,1,1.5.1.3
0.1965,-0.7066,0.3,-0.5229,0,328,1,2.5.1.31
65.593,1.8169,33.2,1.5211,0,1516,1,3.2.1.70
1.0941,0.039,1.6833,0.2262,0,7062,1,1.1.1.213
3.4738,0.5408,0.38,-0.4202,1,2989,1,1.8.5.4
6.1519,0.789,0.024,-1.6198,0,7742,1,1.1.1.42
29.2212,1.4657,46.8,1.6702,0,634,1,2.5.1.18
2.3057,0.3628,4.1,0.6128,0,4148,1,3.7.1.1
0.2652,-0.5765,0.26,-0.585,1,6873,1,3.5.1.99
1.466,0.1661,1.89,0.2765,0,5994,1,3.8.1.5
131.5845,2.1192,12,1.0792,0,7301,0.287,1.13.11.18
4.8249,0.6835,2.5,0.3979,1,3458,1,1.1.1.1
14.6316,1.1653,10.47,1.0199,0,945,1,3.4.11.7
3.7626,0.5755,19.3333,1.2863,1,3220,1,1.1.1.2
8.828,0.9459,13,1.1139,1,5001,1,1.1.1.205
215.281,2.333,1087.9997,3.0366,0,7091,1,2.7.2.1
90.6568,1.9574,25.5,1.4065,1,1138,1,3.4.17.2
3.6791,0.5657,0.5,-0.301,0,5103,1,2.4.2.1
1.8092,0.2575,5.98,0.7767,1,1595,1,1.4.3.4
21.2805,1.328,31,1.4914,0,6753,1,1.4.1.20
0.3402,-0.4683,77.8,1.891,1,5519,1,4.1.1.17
105.6694,2.0239,0.32,-0.4949,0,5586,1,3.2.1.23
4.2191,0.6252,9.1,0.959,1,4759,1,3.6.1.13
1.1741,0.0697,0.009,-2.0458,0,4988,1,1.1.1.205
13.5442,1.1318,13,1.1139,0,406,1,4.1.1.18
0.0927,-1.0331,0.1467,-0.8337,0,6886,0.991,1.14.14.1
108.215,2.0343,213,2.3284,1,2109,1,1.1.1.284
0.2275,-0.6431,0.1,-1,0,5756,1,2.7.7.19
35.9319,1.5555,35.9,1.5551,0,4908,1,1.1.3.10
4.4768,0.651,4.3,0.6335,0,6311,1,3.1.3.48
0.2663,-0.5747,0.35,-0.4559,1,828,1,4.4.1.16
0.5681,-0.2456,11.3,1.0531,1,1481,1,2.7.4.26
180.991,2.2577,283,2.4518,0,1019,1,1.5.1.11
4.2692,0.6303,24,1.3802,0,2365,0.997,1.4.3.3
41.5219,1.6183,11.9,1.0755,1,5028,1,1.11.1.8
17.1485,1.2342,2.3,0.3617,0,1629,1,3.6.1.53
26.7858,1.4279,26,1.415,0,2044,1,4.1.1.7
42.2176,1.6255,36.53,1.5626,1,2687,1,3.7.1.9
54.5895,1.7371,86.2,1.9355,0,6823,1,4.1.3.4
3.4069,0.5324,6.98,0.8439,0,3579,1,6.1.1.15
97.9599,1.991,196,2.2923,0,5481,0.997,2.7.3.2
2.8943,0.4615,2.3,0.3617,0,6154,0.436,2.1.1.45
0.4546,-0.3423,77.7,1.8904,1,5242,1,3.2.1.21
0.0104,-1.9846,0.24,-0.6198,1,1729,1,2.7.8.7
0.0187,-1.728,0.15,-0.8239,1,5197,1,1.3.1.3
896.0355,2.9523,5189.9985,3.7152,1,5556,1,2.3.1.8
0.4765,-0.3219,0.57,-0.2441,0,1092,1,3.1.1.45
0.4026,-0.3952,0.25,-0.6021,1,1296,1,3.8.1.5
64.907,1.8123,76.7,1.8848,0,848,1,1.6.5.2
0.5337,-0.2727,0.33,-0.4815,0,4131,1,2.3.3.14
2.3241,0.3663,20.6,1.3139,1,2176,1,2.7.1.145
3.1137,0.4933,4.6,0.6628,0,3456,1,1.20.1.1
353.0771,2.5479,15,1.1761,1,7276,1,5.3.3.8
2.7874,0.4452,3.3,0.5185,0,4779,1,3.6.1.13
16.4908,1.2172,0.97,-0.0132,0,5106,1,2.4.2.1
42.547,1.6289,55,1.7404,1,200,1,2.3.1.81
6.555,0.8166,1.3342,0.1252,0,4937,1,2.7.7.23
44.2249,1.6457,84.3,1.9258,0,7780,1,1.1.1.40
21.3225,1.3288,16.9,1.2279,0,604,1,2.5.1.18
23.0913,1.3634,26,1.415,0,1453,1,5.4.99.5
0.8448,-0.0732,0.33,-0.4815,0,4553,1,1.4.3.19
161.4872,2.2081,37,1.5682,0,7102,1,2.7.2.1
9.6283,0.9836,4.4,0.6435,1,3109,1,5.3.3.8
11.3753,1.056,6.1,0.7853,1,139,1,3.4.17.12
67.1122,1.8268,551.4,2.7415,1,1936,1,3.1.1.20
6.5663,0.8173,11.3,1.0531,1,3462,1,1.1.1.1
0.0054,-2.2672,0.004,-2.3979,0,288,1,1.14.15.16
6.889,0.8382,5.6,0.7482,0,3937,1,2.4.2.18
26.1089,1.4168,0.75,-0.1249,1,4312,1,2.7.8.17
4.1073,0.6136,2.41,0.382,0,1540,1,1.5.1.3
1.0757,0.0317,2.2,0.3424,0,6447,0,3.2.1.37
4.3051,0.634,0.55,-0.2596,0,5946,1,6.1.1.16
0.0486,-1.3132,0.09,-1.0458,1,6101,1,4.99.1.5
401.9643,2.6042,283.3333,2.4523,1,6549,1,3.1.2.6
2.9227,0.4658,0.053,-1.2757,1,3236,1,5.1.1.20
74.1013,1.8698,83,1.9191,1,7175,1,5.4.2.12
5.0055,0.6995,166,2.2201,1,4294,1,2.5.1.48
39.7607,1.5995,52,1.716,0,5108,1,2.4.2.1
6.3916,0.8056,61,1.7853,1,97,1,1.6.5.5
87.2305,1.9407,26.7,1.4265,1,1782,1,1.2.1.39
4.0972,0.6125,1.8,0.2553,0,3440,1,1.20.1.1
4.2207,0.6254,0.19,-0.7212,1,5582,1,2.3.1.226
65.478,1.8161,63,1.7993,0,2361,1,1.4.3.3
12.0605,1.0814,0.6,-0.2218,0,1968,1,4.1.2.17
4.2605,0.6295,7.2,0.8573,0,747,1,4.3.3.7
1.1691,0.0678,0.53,-0.2757,0,3474,1,6.3.5.4
1.9827,0.2973,4.85,0.6857,0,242,1,2.7.1.74
147.0495,2.1675,980,2.9912,1,2109,1,1.1.1.284
31.1332,1.4932,110.9,2.0449,0,2128,1,1.13.11.48
0.4568,-0.3403,0.12,-0.9208,0,2182,1,2.7.1.145
1448.7751,3.161,5240.0013,3.7193,0,378,1,3.1.1.1
1.0955,0.0396,8.9,0.9494,0,7636,0,4.1.1.85
0.7403,-0.1306,60,1.7782,0,2459,1,4.1.1.2
3.9794,0.5998,1.83,0.2625,1,3879,1,1.14.15.4
2.5379,0.4045,21.9,1.3404,1,7434,1,6.3.4.2
0.1342,-0.8722,2.05,0.3118,1,3358,1,2.3.3.13
8.0519,0.9059,12.3,1.0899,0,4703,1,1.3.5.2
29.7133,1.473,27,1.4314,1,5403,1,1.1.1.10
1.0148,0.0064,0.111,-0.9547,0,1151,1,3.1.2.29
1.3279,0.1232,519.9999,2.716,1,520,1,1.18.1.2
155.4618,2.1916,44,1.6435,0,7048,1,3.5.2.6
66.3355,1.8217,262.0001,2.4183,0,1085,1,1.1.1.141
0.0312,-1.5057,0.0477,-1.3218,1,6877,1,1.14.14.1
36.8715,1.5667,44,1.6435,1,2383,0,3.1.1.25
14.0324,1.1471,95,1.9777,1,4208,1,3.5.2.6
0.0027,-2.5739,0.0025,-2.6021,0,5853,1,4.2.3.9
4.1723,0.6204,6.48,0.8116,0,1327,1,1.2.1.12
0.1066,-0.9722,0.12,-0.9208,0,7843,1,1.2.3.1
2.473,0.3932,0.04,-1.3979,1,1828,1,1.1.1.9
32.8626,1.5167,92.6667,1.9669,0,1130,1,4.2.2.21
16.39,1.2146,22,1.3424,0,2705,0.998,4.1.2.38
1.5725,0.1966,1.5,0.1761,1,4584,1,3.4.24.16
0.0612,-1.2135,0.068,-1.1675,0,5223,1,2.4.1.269
9.2337,0.9654,22,1.3424,1,5100,1,6.2.1.25
3.0948,0.4906,0.53,-0.2757,1,2024,1,1.6.99.1
0.0558,-1.2537,0.004,-2.3979,0,1652,1,2.4.2.29
0.8212,-0.0856,0.02,-1.699,0,6175,0.437,2.1.1.45
11.3687,1.0557,116,2.0645,0,5496,1,2.6.1.5
0.2728,-0.5641,2.23,0.3483,1,3663,1,1.8.1.7
2.5315,0.4034,7.5,0.8751,0,7385,1,5.3.1.9
220.5048,2.3434,510.9998,2.7084,0,1021,1,1.5.1.11
1.5995,0.204,0.11,-0.9586,0,5046,1,1.1.99.31
13.4641,1.1292,8.1,0.9085,0,4491,1,3.4.19.1
11.6707,1.0671,6.2,0.7924,1,1061,1,3.1.2.28
151.2148,2.1796,45,1.6532,0,1580,1,1.5.1.3
0.0308,-1.5113,0.033,-1.4815,0,2640,0.996,1.1.1.268
0.5887,-0.2301,0.255,-0.5935,0,6693,1,4.3.2.2
165.8889,2.2198,140,2.1461,0,866,1,3.5.4.41
1085.5406,3.0356,410.0001,2.6128,1,4177,1,3.5.2.6
126.4129,2.1018,138,2.1399,1,2492,1,2.7.7.64
0.1421,-0.8473,132,2.1206,1,1101,1,3.1.3.5
260.7559,2.4162,780,2.8921,0,7091,1,2.7.2.1
0.2612,-0.5831,0.389,-0.4101,0,7122,1,1.1.1.206
9.75,0.989,15.83,1.1995,1,5495,1,2.6.1.5
2.3046,0.3626,36.98,1.568,0,138,1,3.1.3.1
3.0752,0.4879,0.32,-0.4949,0,4403,1,2.3.1.182
0.2722,-0.5651,0.389,-0.4101,0,7122,1,1.1.1.206
28.5626,1.4558,0.75,-0.1249,1,5884,1,3.1.3.7
1.3708,0.137,0.78,-0.1079,0,2986,0,3.4.11.18
0.3207,-0.4939,0.276,-0.5591,0,3028,0,3.5.4.10
123.7792,2.0926,40,1.6021,1,3983,1,3.4.13.18
0.0132,-1.8795,1,0,0,1172,1,4.1.1.23
9.1831,0.963,9.83,0.9926,1,2539,1,1.1.1.91
56.7882,1.7543,200,2.301,1,2328,1,1.4.3.3
10.651,1.0274,6.5,0.8129,0,4531,1,1.14.16.1
81.053,1.9088,105,2.0212,0,7785,1,1.1.1.40
0.085,-1.0706,0.1833,-0.7368,1,875,1,1.1.1.209
6.7292,0.828,2.6,0.415,1,4622,1,1.3.1.92
0.0098,-2.0071,0.0135,-1.8697,0,2932,0,2.7.8.13
15.9386,1.2024,68,1.8325,1,4615,1,1.4.1.20
8.5955,0.9343,5.4,0.7324,0,7589,1,1.2.1.5
1.9402,0.2878,2.1,0.3222,0,4412,1,2.3.1.182
1.6298,0.2121,6.08,0.7839,1,3519,1,2.7.1.35
0.0016,-2.7927,0.004,-2.3979,1,1725,1,2.7.8.7
21.628,1.335,2.3,0.3617,1,4270,1,1.1.1.248
5.9423,0.774,4.7,0.6721,1,5160,1,1.14.13.84
1.1034,0.0427,3,0.4771,1,7310,1,1.1.1.1
4.0223,0.6045,2,0.301,0,3808,0.997,2.6.1.30
22.7286,1.3566,8.26,0.917,1,5427,1,2.7.1.45
34.2988,1.5353,33,1.5185,1,6236,1,3.1.3.2
17.3098,1.2383,123,2.0899,1,642,1,1.11.1.1
0.2928,-0.5334,0.3167,-0.4994,1,4504,1,2.2.1.9
0.8902,-0.0505,3.8,0.5798,0,6201,0.436,2.1.1.45
235.2676,2.3716,13999.998,4.1461,1,2158,1,2.5.1.47
12.873,1.1097,25.6,1.4082,1,4598,1,1.1.1.206
253.1753,2.4034,44.3,1.6464,1,6804,1,1.14.18.1
132.8361,2.1233,59.2,1.7723,1,3149,1,1.1.1.107
55.6476,1.7454,27,1.4314,0,1156,1,3.1.2.29
55.9356,1.7477,0.91,-0.041,0,1826,1,1.1.1.9
528.5114,2.7231,2.5,0.3979,0,4083,1,1.1.5.2
16.7036,1.2228,0.73,-0.1367,1,413,1,3.1.3.103
0.0335,-1.4751,0.005,-2.301,0,564,1,4.1.1.31
77.7868,1.8909,82.6,1.917,1,925,1,2.4.1.329
369.4318,2.5675,259.9999,2.415,1,6719,1,1.1.1.28
0.6932,-0.1591,1.8833,0.2749,1,7428,1,1.1.1.51
1.6303,0.2123,3.6,0.5563,0,4853,1,1.1.3.38
8.887,0.9488,28.99,1.4622,0,2886,1,1.17.1.9
0.3258,-0.4871,1.6,0.2041,1,5457,1,2.1.1.20
0.0166,-1.7787,0.031,-1.5086,0,6079,0.993,4.2.1.113
217.5451,2.3375,1399.9999,3.1461,0,6418,1,1.14.99.1
2.4927,0.3967,1.3,0.1139,0,4031,1,2.7.2.1
1.6922,0.2285,0.3,-0.5229,1,484,1,1.1.1.184
67.3022,1.828,181,2.2577,1,5210,1,3.2.1.20
9.7099,0.9872,10.8333,1.0348,0,3089,1,2.7.2.4
505.9306,2.7041,499.9999,2.699,1,844,1,1.6.5.2
47.8413,1.6798,52,1.716,0,6492,1,1.1.1.38
0.2938,-0.532,0.088,-1.0555,0,3972,1,6.1.1.16
0.4278,-0.3688,4.8,0.6812,1,5142,1,2.4.2.44
129.7998,2.1133,88.6,1.9474,0,6251,1,2.3.1.6
22.2463,1.3473,6.5,0.8129,0,747,1,4.3.3.7
0.0646,-1.1897,0.045,-1.3468,0,5219,1,2.4.1.269
0.7938,-0.1003,1.04,0.017,1,3541,1,3.1.3.15
43.1798,1.6353,90.4,1.9562,0,1214,1,3.5.4.42
0.1734,-0.7609,0.433,-0.3635,0,1387,1,1.14.20.1
3.1885,0.5036,7.12,0.8525,0,3863,1,2.7.1.26
0.9418,-0.026,0.55,-0.2596,0,2688,1,4.1.1.82
0.4027,-0.395,0.14,-0.8539,0,1324,1,1.2.1.12
8.9244,0.9506,0.6,-0.2218,1,5160,1,1.14.13.84
1315.2542,3.119,4230.0002,3.6263,0,377,1,3.1.1.1
7.9059,0.898,31.4,1.4969,1,2662,1,1.4.1.2
0.048,-1.3183,0.2633,-0.5795,1,296,1,1.1.1.21
1.1909,0.0759,1.42,0.1523,0,3421,0.992,3.6.1.65
12.5063,1.0971,19.3,1.2856,1,1976,1,4.1.2.17
0.0131,-1.8834,0.0633,-1.1984,0,6892,0.995,1.14.14.1
59.1713,1.7721,3499.9995,3.5441,1,5316,1,1.11.1.21
0.0141,-1.851,0.0115,-1.9393,1,4832,0.333,2.1.1.303
0.2043,-0.6897,0.0005,-3.3188,0,1430,1,4.3.2.2
22.5714,1.3536,5.6,0.7482,0,2036,1,4.1.1.7
21.7818,1.3381,8,0.9031,1,3635,1,2.3.3.16
0.0837,-1.0771,0.079,-1.1024,0,1377,1,1.14.20.1
73.6506,1.8672,65.1,1.8136,0,7784,1,1.1.1.40
0.8828,-0.0541,0.5,-0.301,1,4124,1,3.3.2.10
1.3419,0.1277,8.5,0.9294,1,2907,0.877,2.5.1.55
83.2417,1.9203,0.08,-1.0969,1,363,1,3.1.1.1
0.0247,-1.6065,0.0178,-1.7488,0,7794,0,5.5.1.6
2.7492,0.4392,0.7,-0.1549,0,3729,0,1.13.11.50
3.7457,0.5735,0.5683,-0.2454,0,7792,0,5.5.1.6
1.4577,0.1637,0.13,-0.8861,0,5285,0.992,3.1.2.23
0.3844,-0.4153,0.35,-0.4559,0,4132,1,2.3.3.14
2.3139,0.3643,2.27,0.356,0,244,1,2.7.1.74
7.3218,0.8646,15.33,1.1855,1,5495,1,2.6.1.5
0.8124,-0.0902,1.2,0.0792,1,5049,1,1.1.99.31
0.3229,-0.491,3.37,0.5276,0,6470,1,4.1.1.17
24.7426,1.3934,207.9,2.3179,1,5412,1,1.1.1.38
0.2409,-0.6181,0.6,-0.2218,0,7444,1,2.4.2.10
23.811,1.3768,9,0.9542,0,3820,1,1.1.3.6
0.2717,-0.5659,34,1.5315,1,1412,1,5.4.2.9
49.0841,1.6909,65.1,1.8136,0,7784,1,1.1.1.40
19.038,1.2796,8.6,0.9345,1,2033,1,4.1.1.7
0.0054,-2.2702,0.014,-1.8539,1,2563,1,2.1.1.5
135.5894,2.1322,0.47,-0.3279,1,660,1,3.4.11.6
56.7027,1.7536,37,1.5682,0,7485,1,6.1.1.2
0.383,-0.4168,2.4,0.3802,1,4202,1,3.5.2.6
5.0201,0.7007,12.2,1.0864,1,6635,1,3.1.2.2
1.6909,0.2281,9.1,0.959,0,4422,1,2.3.1.182
61.0618,1.7858,4,0.6021,1,2388,1,1.7.2.3
0.1807,-0.7431,0.278,-0.556,0,7400,0.479,1.14.14.149
0.0026,-2.5914,550,2.7404,1,5869,1,4.2.3.9
550.5405,2.7408,152.4,2.183,1,3171,1,3.6.1.66
54.7052,1.738,289.9999,2.4624,1,2135,1,2.8.3.18
8.75,0.942,215,2.3324,0,7793,0,5.5.1.6
25.3872,1.4046,2.1,0.3222,0,5107,1,2.4.2.1
0.3464,-0.4604,0.43,-0.3665,0,4701,1,1.3.5.2
53.8903,1.7315,127.14,2.1043,0,6575,1,1.1.1.39
27.65,1.4417,39.4,1.5955,0,7461,1,2.7.1.2
0.0503,-1.2984,0.02,-1.699,0,4529,1,1.14.16.1
2.202,0.3428,1.46,0.1644,0,7114,1,2.7.2.1
0.3448,-0.4625,20.5,1.3118,0,2252,1,5.3.1.5
0.0014,-2.853,0.0002,-3.7959,1,3523,1,2.6.1.19
1.3296,0.1237,0.23,-0.6383,0,6225,1,2.2.1.1
0.0068,-2.1661,0.0076,-2.1192,0,2561,1,2.1.1.5
382.3961,2.5825,1690.0004,3.2279,0,2171,0.555,2.5.1.47
0.0092,-2.0349,0.106,-0.9747,0,3531,1,2.6.1.19
0.4551,-0.3419,0.0633,-1.1984,1,1055,1,1.1.1.357
43.4613,1.6381,0.823,-0.0846,1,6234,1,3.4.23.4
11.1158,1.0459,0.4,-0.3979,1,4877,1,1.1.3.10
0.0199,-1.7001,0.1,-1,0,723,1,2.3.1.172
0.0109,-1.9638,0.0613,-1.2123,0,7352,0.225,5.4.2.3
15.3952,1.1874,16,1.2041,0,6751,1,1.4.1.20
2.6448,0.4224,8.7,0.9395,1,4685,1,2.7.1.6
14.7093,1.1676,12,1.0792,0,7446,1,2.4.2.10
80.2275,1.9043,39.7,1.5988,0,5666,1,4.1.2.47
0.0623,-1.2052,0.001,-3,0,3785,1,1.1.1.67
1.3166,0.1195,0.1767,-0.7528,1,6579,1,2.5.1.15
52.1692,1.7174,60.61,1.7825,0,6574,1,1.1.1.39
3.8704,0.5878,0.5,-0.301,0,183,1,4.1.1.32
9.0569,0.957,17.2,1.2355,1,3460,1,1.1.1.1
16.9893,1.2302,0.92,-0.0362,1,3497,1,1.16.3.1
6.1872,0.7915,0.43,-0.3665,0,1889,1,4.3.2.1
1.7794,0.2503,2,0.301,0,1594,1,1.4.3.4
4.0135,0.6035,2.09,0.3201,1,4310,1,2.7.1.33
0.0119,-1.925,0.012,-1.9208,0,7009,1,2.7.1.105
2.1316,0.3287,2.17,0.3365,0,2210,1,2.7.1.28
135.7484,2.1327,538.0001,2.7308,1,1518,1,3.2.1.70
0.2204,-0.6567,0.3,-0.5229,0,6270,0.791,1.14.13.8
1.0325,0.0139,2.1,0.3222,1,3233,1,1.2.1.26
11.762,1.0705,20.4,1.3096,1,3434,1,1.14.17.1
9.003,0.9544,2.1,0.3222,1,4706,1,1.3.5.2
0.0027,-2.5618,0,-4.4685,0,4952,1,4.2.3.46
22.7413,1.3568,121,2.0828,1,4453,1,3.4.21.27
10.0859,1.0037,3.7,0.5682,0,6439,1,1.1.1.184
1.9516,0.2904,2,0.301,1,5716,1,1.14.13.92
0.1273,-0.8951,14,1.1461,0,5287,0.992,3.1.2.23
0.6627,-0.1787,18.3,1.2625,1,5280,1,3.1.2.23
0.35,-0.4559,4.2,0.6232,1,2176,1,2.7.1.145
0.8936,-0.0488,0.6,-0.2218,0,2875,0.994,1.17.1.9
33.4147,1.5239,37,1.5682,1,5175,1,1.4.3.22
4.4393,0.6473,1.21,0.0828,1,1611,1,3.5.1.14
153.7249,2.1867,19,1.2788,1,3220,1,1.1.1.2
136.4434,2.135,499.0001,2.6981,1,1518,1,3.2.1.70
0.7365,-0.1328,0.54,-0.2676,0,3070,1,2.7.2.4
30.0002,1.4771,51,1.7076,0,7494,1,1.1.1.44
1.3246,0.1221,0.69,-0.1612,0,6222,1,2.2.1.1
1.0114,0.0049,0.86,-0.0655,1,4449,1,1.1.1.401
0.0081,-2.0897,0.0019,-2.7212,0,5263,1,6.3.4.14
28.7313,1.4584,26.6,1.4249,0,7466,1,2.7.1.2
1.1589,0.064,0.4,-0.3979,0,1625,1,3.6.1.53
3.4469,0.5374,72,1.8573,1,3143,1,2.4.1.7
3.2765,0.5154,1.54,0.1875,0,3989,1,2.5.1.6
1.9091,0.2808,1461.9996,3.1649,1,1033,1,1.12.98.2
5.9952,0.7778,160,2.2041,1,7181,1,3.5.2.3
4.5279,0.6559,2,0.301,1,2842,1,1.1.1.269
0.015,-1.8231,0.45,-0.3468,0,6085,0.993,4.2.1.113
32.6713,1.5142,205.3334,2.3125,0,1120,1,4.2.2.21
1.1934,0.0768,0.81,-0.0915,0,4963,1,2.4.1.133
5.9452,0.7742,0.11,-0.9586,1,533,1,4.1.1.19
30.9871,1.4912,8.2,0.9138,0,7481,1,6.1.1.2
0.4381,-0.3585,5.6,0.7482,1,3797,1,4.5.1.3
0.0896,-1.0478,0.77,-0.1135,1,2525,1,3.1.3.21
0.0887,-1.0521,1.5,0.1761,0,7681,1,3.5.3.1
91.2478,1.9602,52.5,1.7202,0,1517,1,3.2.1.70
57.6014,1.7604,4.7,0.6721,0,6729,1,4.2.2.7
5.7884,0.7626,28.4,1.4533,0,419,1,2.3.1.7
27.6341,1.4414,23,1.3617,0,3827,1,1.1.3.6
17.229,1.2363,0.75,-0.1249,0,1896,1,2.7.7.60
1.2644,0.1019,0.79,-0.1024,1,4862,1,3.1.1.88
6.299,0.7993,6,0.7782,0,4787,1,3.6.1.13
24.8994,1.3962,10.6,1.0253,1,4334,1,1.1.1.17
0.0056,-2.2492,0.0038,-2.4157,0,3556,1,5.4.2.6
0.0307,-1.5136,0.039,-1.4089,1,159,1,2.3.1.5
0.0239,-1.6209,0.0073,-2.1367,0,871,1,1.1.1.209
1.2539,0.0983,1.08,0.0334,0,5295,0.993,3.1.2.23
2.3697,0.3747,0.73,-0.1367,0,4553,1,1.4.3.19
1.1942,0.0771,0.86,-0.0655,0,6312,1,3.1.3.48
0.1835,-0.7362,0.9,-0.0458,0,5167,0,6.3.4.15
2.9062,0.4633,0.3667,-0.4357,1,3460,1,1.1.1.1
0.8186,-0.0869,0.46,-0.3372,0,6702,1,4.3.2.2
12.1393,1.0842,22.7,1.356,1,6275,1,2.4.1.202
130.8268,2.1167,49.2,1.692,1,4210,1,3.5.2.6
0.0104,-1.985,0.53,-0.2757,0,2939,0,2.7.8.13
0.0103,-1.9886,0.032,-1.4948,1,1426,1,4.2.3.12
32.4601,1.5113,75,1.8751,1,180,1,3.5.1.88
12.9956,1.1138,69,1.8388,1,1711,1,3.4.16.4
0.222,-0.6537,0.045,-1.3468,1,3833,1,1.3.1.20
0.3532,-0.452,0.736,-0.1331,0,3506,0.995,2.7.1.158
4.2054,0.6238,11,1.0414,0,6294,0.996,1.14.11.17
1.9148,0.2821,1.87,0.2718,0,1058,1,4.1.1.22
3.2651,0.5139,4.52,0.6551,1,6565,1,2.4.1.111
16.2129,1.2099,3.3,0.5185,0,6540,1,3.3.1.1
0.1795,-0.7458,0,-4.3372,0,666,1,3.8.1.7
0.0612,-1.2132,0.067,-1.1739,0,5222,1,2.4.1.269
0.376,-0.4248,1.4,0.1461,0,7255,1,2.7.2.4
